colecao,nome_produto,avaliacao_aprovacao,numero_avaliacoes,preco
MYSELF,PINGENTE BUZIO COM CAIXA DE METAL - DOURADO,width:94.0%;,3 Avaliações,"R$ 87,00"
MYSELF,BOTTON LETRA T - DOURADO,width:0.0%;,Seja o primeiro a avaliar,"R$ 87,00"
MYSELF,BOTTON LETRA M - DOURADO,width:100.0%;,1 Avaliação,"R$ 87,00"
MYSELF,BOTTON LETRA N - DOURADO,width:0.0%;,Seja o primeiro a avaliar,"R$ 87,00"
MYSELF,BOTTON LETRA L - DOURADO,width:0.0%;,Seja o primeiro a avaliar,"R$ 87,00"
MYSELF,BOTTON LETRA J - DOURADO,width:0.0%;,Seja o primeiro a avaliar,"R$ 87,00"
MYSELF,BOTTON LETRA F - DOURADO,width:0.0%;,Seja o primeiro a avaliar,"R$ 87,00"
MYSELF,BOTTON LETRA D - DOURADO,width:0.0%;,Seja o primeiro a avaliar,"R$ 87,00"
MYSELF,BOTTON LETRA C - DOURADO,width:0.0%;,Seja o primeiro a avaliar,"R$ 87,00"
MYSELF,BOTTON LETRA B - DOURADO,width:0.0%;,Seja o primeiro a avaliar,"R$ 87,00"
MYSELF,BOTTON LETRA A - DOURADO,width:0.0%;,Seja o primeiro a avaliar,"R$ 87,00"
MYSELF,BOTTON LETRA K - DOURADO,width:0.0%;,Seja o primeiro a avaliar,"R$ 87,00"
MYSELF,BOTTON LETRA H - DOURADO,width:0.0%;,Seja o primeiro a avaliar,"R$ 87,00"
MYSELF,BOTTON LETRA P - DOURADO,width:0.0%;,Seja o primeiro a avaliar,"R$ 87,00"
MYSELF,BOTTON LETRA R - DOURADO,width:0.0%;,Seja o primeiro a avaliar,"R$ 87,00"
MYSELF,BOTTON LETRA E - DOURADO,width:0.0%;,Seja o primeiro a avaliar,"R$ 87,00"
MYSELF,PINGENTE BUZIO - DOURADO,width:100.0%;,2 Avaliações,"R$ 48,00"
MYSELF,BOTTON LETRA O - DOURADO,width:0.0%;,Seja o primeiro a avaliar,"R$ 87,00"
MYSELF,BOTTON LETRA V - DOURADO,width:0.0%;,Seja o primeiro a avaliar,"R$ 87,00"
MYSELF,BRINCO MEIA ARGOLA TORCIDA M - PRATEADO,width:0.0%;,Seja o primeiro a avaliar,"R$ 117,00"
MYSELF,COLAR CHOKER MYSELF PEROLINHAS - DOURADO,width:0.0%;,Seja o primeiro a avaliar,"R$ 117,00"
MYSELF,COLAR CORRENTE PALITINHOS - DOURADO,width:100.0%;,2 Avaliações,"R$ 147,00"
MYSELF,BRINCO MEIA ARGOLA TORCIDA M - DOURADO,width:0.0%;,Seja o primeiro a avaliar,"R$ 117,00"
MYSELF,BRINCO MEIA ARGOLA - DOURADO,width:100.0%;,1 Avaliação,"R$ 117,00"
MYSELF,BRINCO MEIA ARGOLA TORCIDA G - DOURADO,width:0.0%;,Seja o primeiro a avaliar,"R$ 207,00"
MYSELF,COLAR CURTO BOLINHAS - DOURADO,width:80.0%;,1 Avaliação,"R$ 117,00"
MYSELF,BRINCO MEIA ARGOLA COM STRASS - PRATEADO,width:0.0%;,Seja o primeiro a avaliar,"R$ 117,00"
MYSELF,BRINCO MEIA ARGOLA 25mm - DOURADO,width:100.0%;,1 Avaliação,"R$ 105,00"
MYSELF,BRINCO MEIA ARGOLA 15mm - DOURADO,width:0.0%;,Seja o primeiro a avaliar,"R$ 105,00"
MYSELF,BRINCO ARGOLA P - DOURADO,width:80.0%;,1 Avaliação,"R$ 117,00"
MYSELF,BRINCO MEIA ARGOLA COM STRASS - DOURADO,width:100.0%;,1 Avaliação,"R$ 117,00"
MYSELF,BRINCO ARGOLA MINI - DOURADO,width:0.0%;,Seja o primeiro a avaliar,"R$ 87,00"
MYSELF,BRINCO ARGOLA COM ZIRCONIA - DOURADO,width:0.0%;,Seja o primeiro a avaliar,"R$ 237,00"
MYSELF,BRACELETE PERSONALIZADO - DOURADO,width:100.0%;,2 Avaliações,"R$ 477,00"
MYSELF,BOTTON LETRA Z - DOURADO,width:0.0%;,Seja o primeiro a avaliar,"R$ 87,00"
MYSELF,BOTTON LETRA X - DOURADO,width:0.0%;,Seja o primeiro a avaliar,"R$ 87,00"
MYSELF,COLAR CURTO COM BOLINHAS - DOURADO,width:100.0%;,2 Avaliações,"R$ 177,00"
MYSELF,COLAR CURTO COM ZIRCONIAS - DOURADO,width:100.0%;,1 Avaliação,"R$ 267,00"
MYSELF,COLAR CURTO MYSELF ELOS - PRATEADO,width:0.0%;,Seja o primeiro a avaliar,"R$ 537,00"
MYSELF,COLAR CURTO MYSELF TORCIDA 3MM - DOURADO,width:0.0%;,Seja o primeiro a avaliar,"R$ 207,00"
MYSELF,COLAR CURTO MYSELF PÉROLAS - DOURADO,width:0.0%;,Seja o primeiro a avaliar,"R$ 597,00"
MYSELF,COLAR CURTO MYSELF ELOS - DOURADO,width:0.0%;,Seja o primeiro a avaliar,"R$ 537,00"
MYSELF,"COLAR CURTO MYSELF GROUMETT 2,5MM - PRATEADO",width:0.0%;,Seja o primeiro a avaliar,"R$ 597,00"
MYSELF,"COLAR CURTO MYSELF GROUMETT 2,5MM - DOURADO",width:0.0%;,Seja o primeiro a avaliar,"R$ 597,00"
MYSELF,COLAR CURTO FIO DE CRISTAL VERDE - DOURADO,width:0.0%;,Seja o primeiro a avaliar,"R$ 117,00"
MYSELF,COLAR CURTO FIO DE CRISTAL ROSA - DOURADO,width:0.0%;,Seja o primeiro a avaliar,"R$ 117,00"
MYSELF,COLAR CURTO FIO DE CRISTAL - DOURADO,width:90.0%;,2 Avaliações,"R$ 117,00"
MYSELF,COLAR CURTO FIO DE CRISTAL CORAL - DOURADO,width:0.0%;,Seja o primeiro a avaliar,"R$ 117,00"
MYSELF,COLAR CURTO CORRENTE CARTIER - DOURADO,width:0.0%;,Seja o primeiro a avaliar,"R$ 147,00"
MYSELF,COLAR GARGANTILHA ARO - DOURADO,width:100.0%;,4 Avaliações,"R$ 147,00"
MYSELF,COLAR CURTO MYSELF TORCIDA 6MM - DOURADO,width:0.0%;,Seja o primeiro a avaliar,"R$ 477,00"
MYSELF,COLAR CURTO MYSELF TORCIDA 4MM - PRATEADO,width:0.0%;,Seja o primeiro a avaliar,"R$ 297,00"
MYSELF,COLAR CURTO MYSELF TORCIDA 4MM - DOURADO,width:0.0%;,Seja o primeiro a avaliar,"R$ 297,00"
MYSELF,COLAR CURTO MYSELF TORCIDA 3MM - PRATEADO,width:0.0%;,Seja o primeiro a avaliar,"R$ 207,00"
MYSELF,COLAR GARGANTILHA ARO GANCHO - DOURADO,width:0.0%;,Seja o primeiro a avaliar,"R$ 237,00"
MYSELF,COLAR LONGO CORRENTE CARTIER - DOURADO,width:100.0%;,1 Avaliação,"R$ 237,00"
MYSELF,COLAR LONGO FIO DE CRISTAL - DOURADO,width:0.0%;,Seja o primeiro a avaliar,"R$ 147,00"
MYSELF,COLAR LONGO COM ZIRCONIAS - DOURADO,width:100.0%;,2 Avaliações,"R$ 207,00"
MYSELF,COLAR LONGO VENEZIANA COM BOLINHAS - DOURADO,width:0.0%;,Seja o primeiro a avaliar,"R$ 207,00"
MYSELF,COLAR LONGO FECHO ARGOLA - DOURADO,width:0.0%;,Seja o primeiro a avaliar,"R$ 267,00"
MYSELF,COLAR LONGO COM PEROLINHAS - DOURADO,width:0.0%;,Seja o primeiro a avaliar,"R$ 177,00"
MYSELF,COLAR LONGO ELO REDONDO MENOR - DOURADO,width:0.0%;,Seja o primeiro a avaliar,"R$ 207,00"
MYSELF,COLAR LONGO BOLINHAS - DOURADO,width:100.0%;,1 Avaliação,"R$ 207,00"
MYSELF,COLAR LONGO FIO DE CRISTAL - PRATEADO,width:0.0%;,Seja o primeiro a avaliar,"R$ 147,00"
MYSELF,COLAR / PULSEIRA CORRENTE COM LINHA BRANCA - DOURADO,width:0.0%;,Seja o primeiro a avaliar,"R$ 267,00"
MYSELF,COLAR / PULSEIRA CORRENTE COM LINHA LARANJA - DOURADO,width:0.0%;,Seja o primeiro a avaliar,"R$ 267,00"
MYSELF,COLAR GARGANTILHA ARO GANCHO - PRATEADO,width:0.0%;,Seja o primeiro a avaliar,"R$ 237,00"
MYSELF,COLAR / PULSEIRA CORRENTE COM LINHA MARFIM - DOURADO,width:0.0%;,Seja o primeiro a avaliar,"R$ 267,00"
MYSELF,COLAR / PULSEIRA CORRENTE COM LINHA BURGANDY - DOURADO,width:0.0%;,Seja o primeiro a avaliar,"R$ 267,00"
MYSELF,COLAR / PULSEIRA CORRENTE COM LINHA MARROM - DOURADO,width:0.0%;,Seja o primeiro a avaliar,"R$ 267,00"
MYSELF,COLAR LONGO VENEZIANA COM BOLINHAS - PRATEADO,width:0.0%;,Seja o primeiro a avaliar,"R$ 207,00"
MYSELF,COLAR / PULSEIRA CORRENTE COM LINHA AZUL MARINHO - DOURADO,width:0.0%;,Seja o primeiro a avaliar,"R$ 267,00"
MYSELF,COLAR / PULSEIRA CORRENTE COM LINHA PINK - DOURADO,width:0.0%;,Seja o primeiro a avaliar,"R$ 267,00"
MYSELF,COLAR / PULSEIRA CORRENTE COM LINHA VERDE MILITAR - DOURADO,width:0.0%;,Seja o primeiro a avaliar,"R$ 267,00"
MYSELF,CONECTOR MYSELF REDONDO 20MM - DOURADO,width:0.0%;,Seja o primeiro a avaliar,"R$ 57,00"
MYSELF,CONECTOR MYSELF REDONDO 10MM - PRATEADO,width:100.0%;,1 Avaliação,"R$ 36,00"
MYSELF,CONECTOR MYSELF OVAL 15X12 - DOURADO,width:0.0%;,Seja o primeiro a avaliar,"R$ 57,00"
MYSELF,CONECTOR MYSELF REDONDO 12MM - PRATEADO,width:0.0%;,Seja o primeiro a avaliar,"R$ 57,00"
MYSELF,CONECTOR MYSELF REDONDO 10MM - DOURADO,width:100.0%;,1 Avaliação,"R$ 36,00"
MYSELF,CONECTOR MYSELF REDONDO 12MM - DOURADO,width:100.0%;,1 Avaliação,"R$ 57,00"
MYSELF,CONECTOR MYSELF REDONDO 20MM - PRATEADO,width:0.0%;,Seja o primeiro a avaliar,"R$ 57,00"
MYSELF,PINGENTE ABELHA MAIOR ESMALTADA MARFIM E LILÁS - DOURADO,width:0.0%;,Seja o primeiro a avaliar,"R$ 177,00"
MYSELF,COLAR / PULSEIRA CORRENTE COM LINHA VERDE - DOURADO,width:0.0%;,Seja o primeiro a avaliar,"R$ 267,00"
MYSELF,COLAR / PULSEIRA CORRENTE COM LINHA ROXO - DOURADO,width:0.0%;,Seja o primeiro a avaliar,"R$ 267,00"
MYSELF,COLAR / PULSEIRA CORRENTE COM LINHA ROSA - DOURADO,width:0.0%;,Seja o primeiro a avaliar,"R$ 267,00"
MYSELF,COLAR / PULSEIRA CORRENTE COM LINHA ROYAL - DOURADO,width:0.0%;,Seja o primeiro a avaliar,"R$ 267,00"
MYSELF,COLAR / PULSEIRA CORRENTE COM LINHA PRETA - DOURADO,width:0.0%;,Seja o primeiro a avaliar,"R$ 267,00"
MYSELF,PINGENTE ABELHA COM PÉROLA - PRATEADO,width:0.0%;,Seja o primeiro a avaliar,"R$ 147,00"
MYSELF,PINGENTE ABELHA COM PÉROLA - DOURADO,width:100.0%;,2 Avaliações,"R$ 147,00"
MYSELF,PINGENTE ABELHA MAIOR ESMALTADA AZUL - DOURADO,width:100.0%;,1 Avaliação,"R$ 177,00"
MYSELF,PINGENTE ABELHA MAIOR ESMALTADA MARFIM E VERDE - DOURADO,width:0.0%;,Seja o primeiro a avaliar,"R$ 177,00"
MYSELF,PINGENTE BEIJO RESINA VERMELHO OPACO - DOURADO,width:0.0%;,Seja o primeiro a avaliar,"R$ 87,00"
MYSELF,PINGENTE ARGOLA RESINA RUBI 19MM - DOURADO,width:0.0%;,Seja o primeiro a avaliar,"R$ 87,00"
MYSELF,PINGENTE ARGOLA RESINA ESMERALDA 19MM - DOURADO,width:0.0%;,Seja o primeiro a avaliar,"R$ 87,00"
MYSELF,PINGENTE BEIJO RESINA RUBI - DOURADO,width:0.0%;,Seja o primeiro a avaliar,"R$ 87,00"
MYSELF,PINGENTE ARGOLA RESINA ONIX 19MM - DOURADO,width:0.0%;,Seja o primeiro a avaliar,"R$ 87,00"
MYSELF,PINGENTE ARGOLA RESINA ROSA 19MM - DOURADO,width:0.0%;,Seja o primeiro a avaliar,"R$ 87,00"
MYSELF,PINGENTE BEIJO RESINA AMETISTA - DOURADO,width:0.0%;,Seja o primeiro a avaliar,"R$ 87,00"
MYSELF,PINGENTE ARGOLA RESINA AZUL MARINHO 19MM - DOURADO,width:0.0%;,Seja o primeiro a avaliar,"R$ 87,00"
MYSELF,PINGENTE ARGOLA RESINA AMETISTA 19MM - DOURADO,width:0.0%;,Seja o primeiro a avaliar,"R$ 87,00"
MYSELF,PINGENTE ARGOLA RESINA CITRINO 19MM - DOURADO,width:0.0%;,Seja o primeiro a avaliar,"R$ 87,00"
MYSELF,PINGENTE ARGOLA RESINA AMAZONITA 19MM - DOURADO,width:0.0%;,Seja o primeiro a avaliar,"R$ 87,00"
MYSELF,PINGENTE ABELHA PAVÊ - DOURADO,width:100.0%;,1 Avaliação,"R$ 147,00"
MYSELF,PINGENTE ABELHA MENOR GREIGE - PRATEADO,width:0.0%;,Seja o primeiro a avaliar,"R$ 117,00"
MYSELF,PINGENTE ABELHA MENOR ESMERALDA - DOURADO,width:100.0%;,1 Avaliação,"R$ 117,00"
MYSELF,PINGENTE ABELHA MENOR GREIGE - DOURADO,width:100.0%;,1 Avaliação,"R$ 117,00"
MYSELF,PINGENTE ABELHA MAIOR ESMALTADA PRETO - PRATEADA,width:0.0%;,Seja o primeiro a avaliar,"R$ 177,00"
MYSELF,PINGENTE ABELHA MAIOR ESMALTADA TURQUESA E PINK - DOURADO,width:0.0%;,Seja o primeiro a avaliar,"R$ 177,00"
MYSELF,PINGENTE BUDA CORAL - DOURADO,width:0.0%;,Seja o primeiro a avaliar,"R$ 75,00"
MYSELF,PINGENTE CRUZ TRABALHADA - DOURADO,width:0.0%;,Seja o primeiro a avaliar,"R$ 36,00"
MYSELF,PINGENTE CRUZ LISA METAL - DOURADO,width:80.0%;,2 Avaliações,"R$ 42,00"
MYSELF,PINGENTE CORRENTE CARTIER - DOURADO,width:90.0%;,6 Avaliações,"R$ 27,00"
MYSELF,PINGENTE DADO BRANCO - DOURADO,width:0.0%;,Seja o primeiro a avaliar,"R$ 87,00"
MYSELF,PINGENTE CORAÇÃO RESINA RUBI - DOURADO,width:0.0%;,Seja o primeiro a avaliar,"R$ 87,00"
MYSELF,PINGENTE CRUZ PAVÊ - DOURADO,width:80.0%;,1 Avaliação,"R$ 75,00"
MYSELF,PINGENTE CORAÇÃO RESINA VERMELHO OPACO - DOURADO,width:0.0%;,Seja o primeiro a avaliar,"R$ 87,00"
MYSELF,PINGENTE CORAÇÃO OLHO GREGO CORAL - DOURADO,width:0.0%;,Seja o primeiro a avaliar,"R$ 87,00"
MYSELF,PINGENTE CORAÇÃO RESINA MARFIM - DOURADO,width:0.0%;,Seja o primeiro a avaliar,"R$ 87,00"
MYSELF,PINGENTE CONCHA METAL COM PEROLA - DOURADO,width:0.0%;,Seja o primeiro a avaliar,"R$ 117,00"
MYSELF,PINGENTE CORAÇÃO OLHO GREGO PRETO - DOURADO,width:0.0%;,Seja o primeiro a avaliar,"R$ 87,00"
MYSELF,PINGENTE CADEADO - DOURADO,width:0.0%;,Seja o primeiro a avaliar,"R$ 45,00"
MYSELF,PINGENTE BUDA TURQUESA - DOURADO,width:100.0%;,2 Avaliações,"R$ 75,00"
MYSELF,PINGENTE COGUMELO P - DOURADO,width:0.0%;,Seja o primeiro a avaliar,"R$ 75,00"
MYSELF,PINGENTE BUZIO PAVÊ - DOURADO,width:0.0%;,Seja o primeiro a avaliar,"R$ 87,00"
MYSELF,PINGENTE CAVEIRA - DOURADO,width:0.0%;,Seja o primeiro a avaliar,"R$ 87,00"
MYSELF,PINGENTE BUDA MARFIM - DOURADO,width:0.0%;,Seja o primeiro a avaliar,"R$ 75,00"
MYSELF,PINGENTE DADO MARINHO - DOURADO,width:100.0%;,1 Avaliação,"R$ 87,00"
MYSELF,PINGENTE ESTRELA RESINA TARTARUGA- DOURADO,width:0.0%;,Seja o primeiro a avaliar,"R$ 89,00"
MYSELF,PINGENTE ESTRELA RESINA ESMERALDA - DOURADO,width:0.0%;,Seja o primeiro a avaliar,"R$ 89,00"
MYSELF,PINGENTE FIGA AZUL MARINHO - DOURADO,width:0.0%;,Seja o primeiro a avaliar,"R$ 147,00"
MYSELF,PINGENTE FERRADURA - DOURADO,width:0.0%;,Seja o primeiro a avaliar,"R$ 45,00"
MYSELF,PINGENTE ESTRELA PAVÊ - DOURADO,width:0.0%;,Seja o primeiro a avaliar,"R$ 87,00"
MYSELF,PINGENTE ESTRELA RESINA PÉROLA - DOURADO,width:0.0%;,Seja o primeiro a avaliar,"R$ 89,00"
MYSELF,PINGENTE ESTRELA RESINA AMAZONITA - DOURADO,width:0.0%;,Seja o primeiro a avaliar,"R$ 89,00"
MYSELF,PINGENTE ESPIRITO SANTO PAVE - DOURADO,width:100.0%;,1 Avaliação,"R$ 117,00"
MYSELF,PINGENTE ESPÍRITO SANTO - DOURADO,width:0.0%;,Seja o primeiro a avaliar,"R$ 57,00"
MYSELF,PINGENTE ENTREMEIO - DOURADO,width:100.0%;,1 Avaliação,"R$ 36,00"
MYSELF,PINGENTE DENTE RESINA TURQUESA - DOURADO,width:0.0%;,Seja o primeiro a avaliar,"R$ 75,00"
MYSELF,PINGENTE DENTE RESINA TARTARUGA - DOURADO,width:100.0%;,1 Avaliação,"R$ 75,00"
MYSELF,PINGENTE DENTE RESINA PRETO COM CRISTAL - DOURADO,width:100.0%;,1 Avaliação,"R$ 117,00"
MYSELF,PINGENTE DENTE FINO MADREPEROLA - DOURADO,width:0.0%;,Seja o primeiro a avaliar,"R$ 57,00"
MYSELF,PINGENTE DADO ROSA SECO - DOURADO,width:0.0%;,Seja o primeiro a avaliar,"R$ 87,00"
MYSELF,PINGENTE DENTE RESINA CORAL - DOURADO,width:100.0%;,1 Avaliação,"R$ 75,00"
MYSELF,PINGENTE DENTE RESINA MARFIM COM CRISTAL - DOURADO,width:0.0%;,Seja o primeiro a avaliar,"R$ 117,00"
MYSELF,PINGENTE FIGA CORAL - DOURADO,width:100.0%;,1 Avaliação,"R$ 117,00"
MYSELF,PINGENTE LETRA I - DOURADO,width:0.0%;,Seja o primeiro a avaliar,"R$ 45,00"
MYSELF,PINGENTE LETRA H - DOURADO,width:0.0%;,Seja o primeiro a avaliar,"R$ 45,00"
MYSELF,PINGENTE LETRA E - DOURADO,width:0.0%;,Seja o primeiro a avaliar,"R$ 45,00"
MYSELF,PINGENTE LETRA G - DOURADO,width:0.0%;,Seja o primeiro a avaliar,"R$ 45,00"
MYSELF,PINGENTE LETRA D - DOURADO,width:0.0%;,Seja o primeiro a avaliar,"R$ 45,00"
MYSELF,PINGENTE LETRA F - DOURADO,width:0.0%;,Seja o primeiro a avaliar,"R$ 45,00"
MYSELF,PINGENTE LETRA C - DOURADO,width:100.0%;,1 Avaliação,"R$ 45,00"
MYSELF,PINGENTE LETRA B - DOURADO,width:0.0%;,Seja o primeiro a avaliar,"R$ 45,00"
MYSELF,PINGENTE LETRA A - DOURADO,width:0.0%;,Seja o primeiro a avaliar,"R$ 45,00"
MYSELF,PINGENTE LEOPARDO STRASS - DOURADO,width:100.0%;,1 Avaliação,"R$ 177,00"
MYSELF,PINGENTE FLECHA METAL - DOURADO,width:0.0%;,Seja o primeiro a avaliar,"R$ 57,00"
MYSELF,PINGENTE FIGA VERDE - DOURADO,width:0.0%;,Seja o primeiro a avaliar,"R$ 147,00"
MYSELF,PINGENTE FIGA TURQUESA - DOURADO,width:100.0%;,1 Avaliação,"R$ 147,00"
MYSELF,PINGENTE FIGA TARTARUGA - DOURADO,width:0.0%;,Seja o primeiro a avaliar,"R$ 147,00"
MYSELF,PINGENTE FIGA RUBI - DOURADO,width:0.0%;,Seja o primeiro a avaliar,"R$ 147,00"
MYSELF,PINGENTE FIGA PRETO - DOURADO,width:0.0%;,Seja o primeiro a avaliar,"R$ 147,00"
MYSELF,PINGENTE FIGA MARFIM - DOURADO,width:100.0%;,1 Avaliação,"R$ 147,00"
MYSELF,PINGENTE LETRA J - DOURADO,width:100.0%;,2 Avaliações,"R$ 45,00"
MYSELF,PINGENTE MÃO RESINA LAVANDA COM OLHO GREGO - DOURADO,width:0.0%;,Seja o primeiro a avaliar,"R$ 117,00"
MYSELF,PINGENTE MÃO RESINA AZUL COM OLHO GREGO - DOURADO,width:0.0%;,Seja o primeiro a avaliar,"R$ 117,00"
MYSELF,PINGENTE MÃO RESINA MARFIM COM CORAÇÃO - DOURADO,width:0.0%;,Seja o primeiro a avaliar,"R$ 117,00"
MYSELF,PINGENTE MÃO RESINA ESMERALDA COM CORAÇÃO - DOURADO,width:0.0%;,Seja o primeiro a avaliar,"R$ 117,00"
MYSELF,PINGENTE MÃO DE FÁTIMA - DOURADO,width:0.0%;,Seja o primeiro a avaliar,"R$ 57,00"
MYSELF,PINGENTE LETRA Z - DOURADO,width:0.0%;,Seja o primeiro a avaliar,"R$ 45,00"
MYSELF,PINGENTE LETRA V - DOURADO,width:100.0%;,1 Avaliação,"R$ 45,00"
MYSELF,PINGENTE LETRA T - DOURADO,width:0.0%;,Seja o primeiro a avaliar,"R$ 45,00"
MYSELF,PINGENTE MÃO RESINA AMBAR COM OLHO GREGO - DOURADO,width:0.0%;,Seja o primeiro a avaliar,"R$ 117,00"
MYSELF,PINGENTE LETRA X - DOURADO,width:0.0%;,Seja o primeiro a avaliar,"R$ 45,00"
MYSELF,PINGENTE LETRA S - DOURADO,width:0.0%;,Seja o primeiro a avaliar,"R$ 45,00"
MYSELF,PINGENTE LETRA R - DOURADO,width:100.0%;,1 Avaliação,"R$ 45,00"
MYSELF,PINGENTE LETRA L - DOURADO,width:0.0%;,Seja o primeiro a avaliar,"R$ 45,00"
MYSELF,PINGENTE LETRA K - DOURADO,width:0.0%;,Seja o primeiro a avaliar,"R$ 45,00"
MYSELF,PINGENTE LETRA P - DOURADO,width:100.0%;,2 Avaliações,"R$ 45,00"
MYSELF,PINGENTE LETRA N - DOURADO,width:0.0%;,Seja o primeiro a avaliar,"R$ 45,00"
MYSELF,PINGENTE MÃO RESINA RUBI COM CORAÇÃO - DOURADO,width:0.0%;,Seja o primeiro a avaliar,"R$ 117,00"
MYSELF,PINGENTE LETRA M - DOURADO,width:100.0%;,1 Avaliação,"R$ 45,00"
MYSELF,PINGENTE PEDRA NATURAL ACHATADA AMARELO - DOURADO,width:0.0%;,Seja o primeiro a avaliar,"R$ 45,00"
MYSELF,PINGENTE OLHO GREGO PAVÊ - DOURADO,width:0.0%;,Seja o primeiro a avaliar,"R$ 57,00"
MYSELF,PINGENTE OLHO GREGO NAVETE MAIOR - DOURADO,width:0.0%;,Seja o primeiro a avaliar,"R$ 267,00"
MYSELF,PINGENTE NÚMERO 9 - DOURADO,width:100.0%;,1 Avaliação,"R$ 27,00"
MYSELF,PINGENTE NÚMERO 8 - DOURADO,width:0.0%;,Seja o primeiro a avaliar,"R$ 27,00"
MYSELF,PINGENTE NÚMERO 7 - DOURADO,width:100.0%;,4 Avaliações,"R$ 27,00"
MYSELF,PINGENTE NÚMERO 6 - DOURADO,width:0.0%;,Seja o primeiro a avaliar,"R$ 27,00"
MYSELF,PINGENTE NÚMERO 5 - DOURADO,width:0.0%;,Seja o primeiro a avaliar,"R$ 27,00"
MYSELF,PINGENTE NÚMERO 4 - DOURADO,width:0.0%;,Seja o primeiro a avaliar,"R$ 27,00"
MYSELF,PINGENTE NÚMERO 3 - DOURADO,width:0.0%;,Seja o primeiro a avaliar,"R$ 27,00"
MYSELF,PINGENTE NÚMERO 2 - DOURADO,width:100.0%;,1 Avaliação,"R$ 27,00"
MYSELF,PINGENTE NÚMERO 1 - DOURADO,width:0.0%;,Seja o primeiro a avaliar,"R$ 27,00"
MYSELF,PINGENTE NÚMERO 0 - DOURADO,width:0.0%;,Seja o primeiro a avaliar,"R$ 27,00"
MYSELF,PINGENTE MEDALHA SÃO BENTO COM CRISTAL - DOURADO,width:0.0%;,Seja o primeiro a avaliar,"R$ 87,00"
MYSELF,PINGENTE MEDALHA MÃO DE FATIMA PAVÊ - DOURADO,width:0.0%;,Seja o primeiro a avaliar,"R$ 87,00"
MYSELF,PINGENTE MEDALHA CIGANO P - DOURADO,width:0.0%;,Seja o primeiro a avaliar,"R$ 45,00"
MYSELF,PINGENTE MEDALHA ANJO - DOURADO,width:100.0%;,1 Avaliação,"R$ 87,00"
MYSELF,PINGENTE PEDRA NATURAL ACHATADA LARANJA - DOURADO,width:0.0%;,Seja o primeiro a avaliar,"R$ 45,00"
MYSELF,PINGENTE SIGNO AQUÁRIO - DOURADO,width:0.0%;,Seja o primeiro a avaliar,"R$ 117,00"
MYSELF,PINGENTE RESINA FACE SORRINDO - DOURADO,width:100.0%;,1 Avaliação,"R$ 87,00"
MYSELF,PINGENTE REDONDO OLHO GREGO - DOURADO,width:0.0%;,Seja o primeiro a avaliar,"R$ 105,00"
MYSELF,PINGENTE POMBINHA - DOURADO,width:80.0%;,1 Avaliação,"R$ 45,00"
MYSELF,PINGENTE PÉROLA - DOURADO,width:100.0%;,1 Avaliação,"R$ 87,00"
MYSELF,PINGENTE PEIXE ARTICULADO MENOR - PRATEADO,width:90.0%;,2 Avaliações,"R$ 117,00"
MYSELF,PINGENTE PEIXE ARTICULADO MENOR - DOURADO,width:98.0%;,7 Avaliações,"R$ 117,00"
MYSELF,PINGENTE PEDRA NATURAL VERDE - DOURADO,width:0.0%;,Seja o primeiro a avaliar,"R$ 27,00"
MYSELF,PINGENTE PEDRA NATURAL TURQUESA - DOURADO,width:0.0%;,Seja o primeiro a avaliar,"R$ 27,00"
MYSELF,PINGENTE PEDRA NATURAL ROXO - DOURADO,width:0.0%;,Seja o primeiro a avaliar,"R$ 27,00"
MYSELF,PINGENTE PEDRA NATURAL BRANCA - DOURADO,width:0.0%;,Seja o primeiro a avaliar,"R$ 27,00"
MYSELF,PINGENTE PEDRA NATURAL ACHATADA VERDE - DOURADO,width:0.0%;,Seja o primeiro a avaliar,"R$ 45,00"
MYSELF,PINGENTE PEDRA NATURAL ACHATADA RUBI - DOURADO,width:0.0%;,Seja o primeiro a avaliar,"R$ 45,00"
MYSELF,PINGENTE PEIXE ARTICULADO MAIOR - DOURADO,width:100.0%;,3 Avaliações,"R$ 177,00"
MYSELF,PINGENTE PEDRA NATURAL ACHATADA ROYAL - PRATEADO,width:0.0%;,Seja o primeiro a avaliar,"R$ 45,00"
MYSELF,PINGENTE PEDRA NATURAL ACHATADA PINK - DOURADO,width:0.0%;,Seja o primeiro a avaliar,"R$ 45,00"
MYSELF,PINGENTE PEDRA NATURAL ROSA - DOURADO,width:80.0%;,1 Avaliação,"R$ 27,00"
MYSELF,PINGENTE SIGNO ÁRIES - DOURADO,width:0.0%;,Seja o primeiro a avaliar,"R$ 117,00"
MYSELF,PINGENTE SÍMBOLO SIGNO GEMEOS - DOURADO,width:0.0%;,Seja o primeiro a avaliar,"R$ 141,60"
MYSELF,PINGENTE SÍMBOLO SIGNO ESCORPIÃO - DOURADO,width:0.0%;,Seja o primeiro a avaliar,"R$ 177,00"
MYSELF,PINGENTE SÍMBOLO SIGNO CAPRICÓRNIO - DOURADO,width:0.0%;,Seja o primeiro a avaliar,"R$ 177,00"
MYSELF,PINGENTE SÍMBOLO SIGNO CANCER - DOURADO,width:0.0%;,Seja o primeiro a avaliar,"R$ 177,00"
MYSELF,PINGENTE SÍMBOLO SIGNO ÁRIES - DOURADO,width:100.0%;,1 Avaliação,"R$ 177,00"
MYSELF,PINGENTE SÍMBOLO SIGNO LEÃO - DOURADO,width:0.0%;,Seja o primeiro a avaliar,"R$ 177,00"
MYSELF,PINGENTE SÍMBOLO SIGNO AQUÁRIO - DOURADO,width:0.0%;,Seja o primeiro a avaliar,"R$ 177,00"
MYSELF,PINGENTE SIGNO TOURO - DOURADO,width:0.0%;,Seja o primeiro a avaliar,"R$ 117,00"
MYSELF,PINGENTE SIGNO SAGITÁRIO - DOURADO,width:0.0%;,Seja o primeiro a avaliar,"R$ 117,00"
MYSELF,PINGENTE SIGNO LIBRA - DOURADO,width:0.0%;,Seja o primeiro a avaliar,"R$ 117,00"
MYSELF,PINGENTE SIGNO LEÃO - DOURADO,width:0.0%;,Seja o primeiro a avaliar,"R$ 117,00"
MYSELF,PINGENTE SIGNO VIRGEM - DOURADO,width:0.0%;,Seja o primeiro a avaliar,"R$ 117,00"
MYSELF,PINGENTE SIGNO PEIXES - DOURADO,width:0.0%;,Seja o primeiro a avaliar,"R$ 117,00"
MYSELF,PINGENTE SIGNO ESCORPIÃO - DOURADO,width:0.0%;,Seja o primeiro a avaliar,"R$ 117,00"
MYSELF,PINGENTE SIGNO GEMEOS - DOURADO,width:0.0%;,Seja o primeiro a avaliar,"R$ 93,60"
MYSELF,PINGENTE SIGNO CANCER - DOURADO,width:0.0%;,Seja o primeiro a avaliar,"R$ 117,00"
MYSELF,PINGENTE SÍMBOLO SIGNO LIBRA - DOURADO,width:0.0%;,Seja o primeiro a avaliar,"R$ 177,00"
MYSELF,PULSEIRA SIGNO GEMEOS - DOURADO,width:0.0%;,Seja o primeiro a avaliar,"R$ 309,60"
MYSELF,PINGENTE SIGNO CAPRICÓRNIO - DOURADO,width:0.0%;,Seja o primeiro a avaliar,"R$ 117,00"
MYSELF,PULSEIRA SIGNO ESCORPIÃO - DOURADO,width:0.0%;,Seja o primeiro a avaliar,"R$ 387,00"
MYSELF,PULSEIRA SIGNO CAPRICÓRNIO - DOURADO,width:0.0%;,Seja o primeiro a avaliar,"R$ 387,00"
MYSELF,PULSEIRA SIGNO CANCER - DOURADO,width:0.0%;,Seja o primeiro a avaliar,"R$ 387,00"
MYSELF,PULSEIRA MYSELF ELOS - PRATEADO,width:0.0%;,Seja o primeiro a avaliar,"R$ 267,00"
MYSELF,PULSEIRA MYSELF ELOS - DOURADO,width:0.0%;,Seja o primeiro a avaliar,"R$ 267,00"
MYSELF,PULSEIRA SIGNO ÁRIES - DOURADO,width:0.0%;,Seja o primeiro a avaliar,"R$ 387,00"
MYSELF,PULSEIRA GANCHO MYSELF M - PRATEADO,width:0.0%;,Seja o primeiro a avaliar,"R$ 87,00"
MYSELF,PULSEIRA GANCHO MYSELF G - DOURADO,width:100.0%;,3 Avaliações,"R$ 87,00"
MYSELF,PULSEIRA SIGNO AQUÁRIO - DOURADO,width:0.0%;,Seja o primeiro a avaliar,"R$ 387,00"
MYSELF,PULSEIRA ALGEMA MYSELF G - PRATEADO,width:0.0%;,Seja o primeiro a avaliar,"R$ 237,00"
MYSELF,PULSEIRA ALGEMA MYSELF M - DOURADO,width:0.0%;,Seja o primeiro a avaliar,"R$ 237,00"
MYSELF,PINGENTE TREVO - DOURADO,width:0.0%;,Seja o primeiro a avaliar,"R$ 45,00"
MYSELF,PINGENTE SÍMBOLO SIGNO VIRGEM - DOURADO,width:0.0%;,Seja o primeiro a avaliar,"R$ 177,00"
MYSELF,PINGENTE SÍMBOLO SIGNO TOURO - DOURADO,width:0.0%;,Seja o primeiro a avaliar,"R$ 177,00"
MYSELF,PINGENTE SÍMBOLO SIGNO SAGITÁRIO - DOURADO,width:0.0%;,Seja o primeiro a avaliar,"R$ 177,00"
MYSELF,PINGENTE SÍMBOLO SIGNO PEIXES - DOURADO,width:0.0%;,Seja o primeiro a avaliar,"R$ 177,00"
MYSELF,PINGENTE MEDALHA OLHO GREGO - DOURADO,width:0.0%;,Seja o primeiro a avaliar,"R$ 57,00"
MYSELF,PINGENTE LETRA O - DOURADO,width:0.0%;,Seja o primeiro a avaliar,"R$ 45,00"
MYSELF,PINGENTE DENTE DE SABRE METAL - PRATA,width:0.0%;,Seja o primeiro a avaliar,"R$ 87,00"
MYSELF,PINGENTE BUZIO PAVE - PRATEADO,width:0.0%;,Seja o primeiro a avaliar,"R$ 87,00"
MYSELF,BOTTON LETRA S - DOURADO,width:0.0%;,Seja o primeiro a avaliar,"R$ 87,00"
MYSELF,PULSEIRA SIGNO LEÃO - DOURADO,width:0.0%;,Seja o primeiro a avaliar,"R$ 387,00"
MYSELF,PINGENTE PEDRA NATURAL ACHATADA ROYAL - DOURADO,width:0.0%;,Seja o primeiro a avaliar,"R$ 45,00"
MYSELF,BOTTON LETRA I - DOURADO,width:0.0%;,Seja o primeiro a avaliar,"R$ 87,00"
MYSELF,BOTTON LETRA G - DOURADO,width:0.0%;,Seja o primeiro a avaliar,"R$ 87,00"
MYSELF,PULSEIRA SIGNO VIRGEM - DOURADO,width:0.0%;,Seja o primeiro a avaliar,"R$ 387,00"
MYSELF,PULSEIRA SIGNO TOURO - DOURADO,width:0.0%;,Seja o primeiro a avaliar,"R$ 387,00"
MYSELF,PULSEIRA SIGNO SAGITÁRIO - DOURADO,width:0.0%;,Seja o primeiro a avaliar,"R$ 387,00"
MYSELF,PULSEIRA SIGNO PEIXES - DOURADO,width:0.0%;,Seja o primeiro a avaliar,"R$ 387,00"
MYSELF,PULSEIRA SIGNO LIBRA - DOURADO,width:0.0%;,Seja o primeiro a avaliar,"R$ 387,00"
